Movie,Date,Total Sales,Sales Share,Cumulative Sales,Total Attendance,Cumulative Attendance,Screen Count,Show Count,Country,Production Country,Production Company,Distributor,Level,Director,Production Budgets,Success,actor1,actor2,actor3,genre1,genre2,rating,sentiment,YearMonth,남자 인구수,여자 인구수,총인구수,가계지출,소비지출,비소비지출,ViewCount,LikeCount,Actor1,Actor2,Actor3,Month,GENRE1,GENRE2
서울의 봄,2023-11-22,127926589712,0.051,127926589712,13128020,13128020,2463,374531,한국,한국,(주)하이브미디어코프,플러스 엔터테인먼트,12세이상관람가,김성수,233.0,1.0,황정민,윤호림,이미라,드라마,,4.07,82.06,2023.11,25572695.0,25764381.0,51337076.0,2183.0,1895.0,288.0,3322023.0,18708.0,7424560.0,6676369.0,7593444.5,11,0.12,
범죄도시2,2022-05-18,129317928648,0.052,131298796478,12510481,12693415,2521,353993,한국,한국,"주식회사 빅펀치픽쳐스,(주)홍필름,(주)비에이엔터테인먼트","주식회사 에이비오엔터테인먼트,플러스 엔터테인먼트",15세이상관람가,이상용,130.0,1.0,마동석,손석구,최귀화,범죄,액션,3.89,77.67,2022.05,25715591.0,25868131.0,51583722.0,1804.0,1512.0,292.0,3910955.0,23841.0,7994955.7,6832765.5,12693415.0,5,0.17,0.13
파묘,2024-02-22,115063079635,0.046,115063079635,11904253,11904253,2367,363781,한국,한국,(주)쇼박스,(주)쇼박스,15세이상관람가,장재현,140.0,1.0,최민식,김고은,유해진,미스터리,공포(호러),3.89,52.67,2024.02,25553189.0,25750499.0,51303688.0,,,,3107834.0,11026.0,11904253.0,7589735.5,4794673.6,2,0.3,0.17
아바타: 물의 길,2022-12-14,137647702899,0.055,137647702899,10805065,10805065,2809,283037,미국,미국,,월트디즈니컴퍼니코리아 유한책임회사,12세이상관람가,제임스 카메,3250.0,1.0,조 샐다나,샘 워싱턴,시고니 위버,액션,어드벤처,3.92,56.42,2022.12,25636951.0,25802087.0,51439038.0,2169.0,1802.0,367.0,2385290.0,12620.0,5081675.7,5517888.5,5517888.5,12,0.06,0.19
범죄도시3,2023-05-31,104687737771,0.042,104687737771,10682813,10682813,2582,311915,한국,한국,"주식회사 빅펀치픽쳐스,(주)홍필름,(주)비에이엔터테인먼트","주식회사 에이비오엔터테인먼트,플러스 엔터테인먼트",15세이상관람가,이상용,135.0,1.0,정호진,마동석,황순명,범죄,액션,3.58,57.46,2023.05,25612361.0,25788160.0,51400521.0,1979.0,1718.0,261.0,1995731.0,5738.0,10682813.0,7994955.7,10682813.0,5,0.17,0.13
범죄도시4,2024-04-24,97788039662,0.039,97788039662,10240940,10240940,2980,293601,한국,한국,"주식회사 빅펀치픽쳐스,(주)홍필름,(주)비에이엔터테인먼트","주식회사 에이비오엔터테인먼트,플러스 엔터테인먼트",15세이상관람가,허명행,140.0,1.0,김무열,박지환,이동휘,액션,범죄,3.84,60.94,2024.04,25541855.0,25743298.0,51285153.0,,,,1395312.0,7124.0,3965731.3,10240940.0,10240940.0,4,0.08,0.08
탑건: 매버릭,2022-06-22,88367558594,0.036,88367558594,8230591,8230591,1975,252939,미국,미국,,롯데컬처웍스(주)롯데엔터테인먼트,12세이상관람가,조셉 코신스키,2210.0,1.0,톰 크루즈,마일즈 텔러,제니퍼 코넬리,액션,,4.38,77.94,2022.06,25711784.0,25866394.0,51578178.0,1768.0,1468.0,300.0,885103.0,6075.0,6126441.0,8230591.0,8230591.0,6,0.15,
한산: 용의 출현,2022-07-27,73711802377,0.03,73711802377,7266340,7266340,2223,217777,한국,한국,(주)빅스톤픽쳐스,롯데컬처웍스(주)롯데엔터테인먼트,12세이상관람가,김한민,312.0,1.0,박해일,이지영,김시국,액션,드라마,3.57,74.23,2022.07,25708650.0,25865796.0,51574446.0,1801.0,1504.0,297.0,1725513.0,8307.0,4585243.5,7266340.0,7266340.0,7,0.1,0.05
엘리멘탈,2023-06-14,71138423066,0.0289999999999999,71138423066,7240210,7240210,1664,247356,미국,미국,,월트디즈니컴퍼니코리아 유한책임회사,전체관람가,피터 손,2600.0,1.0,,,,애니메이션,,3.95,79.27,2023.06,25607244.0,25785501.0,51392745.0,1788.0,1532.0,256.0,2327331.0,25545.0,,,,6,0.1,
공조2 : 인터내셔널,2022-09-07,70918411586,0.0279999999999999,70918411586,6983077,6983077,2389,275817,한국,한국,"(주)제이케이필름,(주)씨제이이엔",(주)씨제이이엔,15세이상관람가,이석훈,155.0,1.0,현빈,유해진,임윤아,액션,코미디,3.35,64.0,2022.09,25653998.0,25812660.0,51466658.0,2097.0,1696.0,401.0,1099569.0,1647.0,4352088.5,4794673.6,6983077.0,9,0.08,0.27
밀수,2023-07-26,49685303003,0.02,49685303003,5143261,5143261,1932,167670,한국,한국,(주)외유내강,(주)넥스트엔터테인먼트월드(NEW),15세이상관람가,류승완,175.0,1.0,김혜수,염정아,조인성,액션,,3.47,69.62,2023.07,25603147.0,25783986.0,51387133.0,1821.0,1527.0,294.0,9534.0,134.0,5143261.0,3157924.0,5143261.0,7,0.1,
더 퍼스트 슬램덩크,2023-01-04,51004390222,0.02,51004390222,4877286,4877286,1060,237488,일본,일본,,(주)넥스트엔터테인먼트월드(NEW),12세이상관람가,이노우에 다케히코,200.0,1.0,,,,애니메이션,,4.21,79.91,2023.01,25631538.0,25798480.0,51430018.0,2346.0,2064.0,282.0,1607051.0,10814.0,,,,1,0.15,
노량: 죽음의 바다,2023-12-20,45005458475,0.018,45005458475,4572978,4572978,2196,155686,한국,한국,(주)빅스톤픽쳐스,"롯데컬처웍스(주)롯데엔터테인먼트,(주)에이스메이커무비웍스",12세이상관람가,김한민,312.0,0.0,김윤석,백윤식,정재영,사극,액션,3.58,74.85,2023.12,25565736.0,25759593.0,51325329.0,2301.0,1884.0,417.0,1691765.0,7255.0,4572978.0,4572978.0,4572978.0,12,1.0,0.06
헌트,2022-08-10,44602463153,0.018,44602463153,4352513,4352513,1625,170966,한국,한국,"(주)아티스트스튜디오,(주)사나이픽처스",플러스 엔터테인먼트,15세이상관람가,이정재,250.0,0.0,장재혁,이상혁,오동훈,액션,드라마,3.51,56.36,2022.08,25699579.0,25858862.0,51558441.0,1920.0,1567.0,353.0,509633.0,2679.0,4352513.0,4352513.0,4352513.0,8,0.12,0.15
가디언즈 오브 갤럭시: Volume 3,2023-05-03,44358441834,0.018,44358441834,4209250,4209250,1819,153745,미국,미국,,월트디즈니컴퍼니코리아 유한책임회사,12세이상관람가,제임스 건,3250.0,1.0,크리스 프랫,조 샐다나,데이브 바티스타,액션,,4.19,85.92,2023.05,25612361.0,25788160.0,51400521.0,1979.0,1718.0,261.0,1398200.0,11019.0,2387905.2,5081675.7,4209250.0,5,0.13,
미션 임파서블: 데드 레코닝 PART ONE,2023-07-12,40430706769,0.016,40430706769,4022291,4022291,2437,137978,미국,미국,파라마운트 픽쳐스,롯데컬처웍스(주)롯데엔터테인먼트,15세이상관람가,크리스토퍼 맥쿼리,2860.0,1.0,톰 크루즈,헤일리 앳웰,빙 라메스,액션,스릴러,3.83,72.85,2023.07,25603147.0,25783986.0,51387133.0,1821.0,1527.0,294.0,1233774.0,12788.0,6126441.0,4022291.0,4022291.0,7,0.1,0.08
콘크리트 유토피아,2023-08-09,37412826232,0.015,37412826232,3849244,3849244,1731,150919,한국,한국,"클라이맥스 스튜디오(주),(주)비에이치 엔터테인먼트",롯데컬처웍스(주)롯데엔터테인먼트,15세이상관람가,엄태화,220.0,0.0,이병헌,박서준,박보영,드라마,기타,3.34,76.28,2023.08,25596921.0,25780292.0,51377213.0,1874.0,1597.0,277.0,1788140.0,4841.0,2954056.5,2488809.5,3849244.0,8,0.15,0.25
웡카,2024-01-31,33956553189,0.0139999999999999,33956553189,3531468,3531468,1753,152288,미국,미국,,워너브러더스 코리아(주),전체관람가,폴 킹,1625.0,1.0,티모시 샬라메,칼라 레인,올리비아 콜맨,판타지,드라마,3.65,65.31,2024.01,25558944.0,25754968.0,51313912.0,,,,598137.0,2868.0,2765468.5,3531468.0,2184227.5,1,0.4,0.15
올빼미,2022-11-23,32860926124,0.013,32860926124,3329634,3329634,1541,149137,한국,한국,"(주)씨제스엔터테인먼트,(주)영화사 담담",(주)넥스트엔터테인먼트월드(NEW),15세이상관람가,안태진,90.0,1.0,류준열,유해진,최무성,스릴러,,3.58,82.0,2022.11,25643889.0,25806940.0,51450829.0,2127.0,1800.0,327.0,785890.0,2696.0,2100258.3,4794673.6,3329634.0,11,0.25,
영,2022-12-21,32302850750,0.013,32302850750,3275218,3275218,1314,133663,한국,한국,"(주)제이케이필름,(주)씨제이이엔",(주)씨제이이엔,12세이상관람가,윤제,140.0,1.0,정성화,김고은,나문희,드라마,뮤지컬,3.5,84.88,2022.12,25636951.0,25802087.0,51439038.0,2169.0,1802.0,367.0,1316758.0,1182.0,3275218.0,7589735.5,3275218.0,12,0.08,0.33
오펜하이머,2023-08-15,34444961856,0.0139999999999999,34444961856,3237793,3237793,1636,132298,미국,미국,,유니버설픽쳐스인터내셔널 코리아(유),15세이상관람가,크리스토퍼 놀란,1300.0,1.0,킬리언 머피,에밀리 블런트,맷 데이먼,스릴러,드라마,4.33,75.39,2023.08,25596921.0,25780292.0,51377213.0,1874.0,1597.0,277.0,2343640.0,13084.0,3237793.0,1724098.5,1674051.5,8,0.17,0.15
쥬라기 월드: 도미니언,2022-06-01,29237071310,0.012,29237071310,2837410,2837410,2218,86427,미국,미국,,유니버설픽쳐스인터내셔널 코리아(유),12세이상관람가,콜린 트레보로우,2405.0,1.0,크리스 프랫,브라이스 달라스 하워드,드완다 와이즈,액션,어드벤처,3.32,51.83,2022.06,25711784.0,25866394.0,51578178.0,1768.0,1468.0,300.0,3139771.0,12409.0,2387905.2,1488971.5,2837410.0,6,0.15,0.12
마녀(魔女) Part2. The Other One,2022-06-15,28922488670,0.012,28922488670,2806501,2806501,1796,94940,한국,한국,"(주)영화사 금월,(주)스튜디오앤뉴,(주)페퍼민트앤컴퍼니",(주)넥스트엔터테인먼트월드(NEW),15세이상관람가,박훈정,105.0,1.0,신시아,박은빈,서은수,액션,,3.03,33.67,2022.06,25711784.0,25866394.0,51578178.0,1768.0,1468.0,300.0,4313.0,14.0,2806501.0,2806501.0,2806501.0,6,0.15,
토르: 러브 앤 썬더,2022-07-06,29505081721,0.012,29505081721,2716306,2716306,2143,107527,미국,미국,,월트디즈니컴퍼니코리아 유한책임회사,12세이상관람가,타이카 와이티티,3250.0,1.0,크리스 헴스워스,나탈리 포트만,테사 톰슨,액션,어드벤처,3.27,58.33,2022.07,25708650.0,25865796.0,51574446.0,1801.0,1504.0,297.0,3956531.0,37112.0,2716306.0,2716306.0,2716306.0,7,0.1,0.12
슈퍼 마리오 브라더스,2023-04-26,23558835482,0.009,23558835482,2395519,2395519,1576,94685,미국,미국,,유니버설픽쳐스인터내셔널 코리아(유),전체관람가,,1300.0,1.0,크리스 프랫,안야 테일러 조이,잭 블랙,애니메이션,어드벤처,3.29,72.4,2023.04,25617485.0,25790670.0,51408155.0,1869.0,1625.0,244.0,1442595.0,4399.0,2387905.2,2395519.0,2078790.0,4,0.05,0.06
미니언즈2,2022-07-20,21999556172,0.009,21999556172,2269024,2269024,1394,78960,미국,미국,,유니버설픽쳐스인터내셔널 코리아(유),전체관람가,카일 발다,1040.0,1.0,피에르 꼬팽,스티브 카렐,타라지 P. 헨슨,애니메이션,어드벤처,3.0,53.75,2022.07,25708650.0,25865796.0,51574446.0,1801.0,1504.0,297.0,1422438.0,3887.0,2269024.0,2269024.0,2269024.0,7,0.12,0.12
30일,2023-10-03,21257631514,0.009,21257631514,2165508,2165508,1226,130510,한국,한국,(주)영화사울림,(주)마인드마크,12세이상관람가,남대중,80.0,1.0,강하늘,정소민,조민수,코미디,,3.53,65.55,2023.1,25582773.0,25771453.0,51354226.0,2078.0,1719.0,359.0,12082.0,196.0,2165508.0,2165508.0,2165508.0,10,0.07,
블랙 팬서: 와칸다 포에버,2022-11-09,22206623699,0.009,22206623699,2105988,2105988,2571,121669,미국,미국,,월트디즈니컴퍼니코리아 유한책임회사,12세이상관람가,라이언 쿠글러,3250.0,1.0,레티티아 라이트,루피타 뇽오,다네이 거라이라,액션,어드벤처,3.58,60.83,2022.11,25643889.0,25806940.0,51450829.0,2127.0,1800.0,327.0,2241869.0,24642.0,2105988.0,2105988.0,2105988.0,11,0.08,0.12
비상선언,2022-08-03,20927363328,0.008,20927363328,2058869,2058869,1734,73045,한국,한국,"(주)매그넘나인,(주)씨제스엔터테인먼트,씨네주 유한회사",(주)쇼박스,12세이상관람가,한재림,300.0,0.0,이미라,송강호,이병헌,드라마,,3.28,51.44,2022.08,25699579.0,25858862.0,51558441.0,1920.0,1567.0,353.0,2608453.0,11051.0,7593444.5,1211271.0,2954056.5,8,0.15,
듄: 파트2,2024-02-28,23420116149,0.009,23420116149,1999469,1999469,1544,82746,미국,미국,,워너브러더스 코리아(주),12세이상관람가,드니 빌뇌브,2470.0,1.0,티모시 샬라메, 데이아 콜먼,레베카 퍼거슨,액션,,4.18,54.77,2024.02,25553189.0,25750499.0,51303688.0,,,,1995973.0,10477.0,2765468.5,1999469.0,1999469.0,2,0.06,
육사오(6/45),2022-08-24,19793028880,0.008,19793028880,1981014,1981014,1339,105937,한국,한국,"(주)티피에스컴퍼니,(주)싸이더스","(주)홈초이스,(주)싸이더스",12세이상관람가,박규태,50.0,1.0,이학주,고경표,이이경,코미디,,3.25,48.64,2022.08,25699579.0,25858862.0,51558441.0,1920.0,1567.0,353.0,747354.0,871.0,1981014.0,1981014.0,1981014.0,8,0.13,
존  4,2023-04-12,19956652129,0.008,19956652129,1924768,1924768,1535,89561,미국,미국,,(주)레드아이스 엔터테인먼트,청소년관람불가,채드 스타헬스키,1170.0,1.0,키아누 리브스,로렌스 피쉬번,이안 맥쉐인,액션,,3.6,49.88,2023.04,25617485.0,25790670.0,51408155.0,1869.0,1625.0,244.0,509227.0,3392.0,1086783.0,1924768.0,1924768.0,4,0.08,
천박사 퇴마 연구소: 설경의 비밀,2023-09-27,18635492555,0.0069999999999999,18635492555,1916429,1916429,1511,98823,한국,한국,(주)외유내강,(주)씨제이이엔,12세이상관람가,김성식,113.0,0.0,강동원,허준호,이솜,판타지,액션,2.81,37.23,2023.09,25592335.0,25777666.0,51370001.0,2117.0,1772.0,345.0,861086.0,2233.0,1588843.5,1916429.0,1158540.0,9,0.2,0.08
헤어질 결심,2022-06-29,19740856178,0.008,19740856178,1904147,1904147,1374,80670,한국,한국,모호필름,(주)씨제이이엔,15세이상관람가,박찬욱,130.0,0.0,박해일,탕웨이,이정현,미스터리,멜로/로맨스,4.32,67.61,2022.06,25711784.0,25866394.0,51578178.0,1768.0,1468.0,300.0,1006068.0,2618.0,4585243.5,1904147.0,1904147.0,6,0.1,0.25
분노의 질주: 라이드 오어 다이,2023-05-17,18474636210,0.0069999999999999,18474636210,1773483,1773483,1731,93156,미국,미국,,유니버설픽쳐스인터내셔널 코리아(유),15세이상관람가,루이스 리테리어,4420.0,1.0,빈 디젤,제이슨 모모아,제이슨 스타뎀,액션,,3.26,79.44,2023.05,25612361.0,25788160.0,51400521.0,1979.0,1718.0,261.0,1894271.0,3843.0,1773483.0,1325747.5,667462.3,5,0.13,
쿵푸팬더4,2024-04-10,16455624250,0.0069999999999999,16455624250,1762061,1762061,2311,102691,미국,미국,,유니버설픽쳐스인터내셔널 코리아(유),전체관람가,"마이크 미첼,스테파니 스티네",1105.0,1.0,잭 블랙,아콰피나,비올라 데이비스,애니메이션,액션,3.02,60.7,2024.04,25541855.0,25743298.0,51285153.0,,,,1646567.0,7743.0,2078790.0,919401.7,1762061.0,4,0.05,0.08
교섭,2023-01-18,17460908740,0.0069999999999999,17460908740,1721100,1721100,1289,92618,한국,한국,"(주)영화사수박,원테이크필름",플러스 엔터테인먼트,12세이상관람가,임순례,150.0,0.0,황정민,도기범,현빈,드라마,,3.02,41.46,2023.01,25631538.0,25798480.0,51430018.0,2346.0,2064.0,282.0,1751613.0,2590.0,7424560.0,1721100.0,4352088.5,1,0.15,
시민덕희,2024-01-24,16119497097,0.006,16119497097,1707227,1707227,1281,96204,한국,한국,"(주)씨제스엔터테인먼트,페이지원필름(주)",(주)쇼박스,15세이상관람가,박영주,65.0,1.0,라미란,공명,염혜란,드라마,,3.38,70.6,2024.01,25558944.0,25754968.0,51313912.0,,,,132161.0,423.0,1303563.0,1707227.0,1707227.0,1,0.15,
앤트맨과 와스프: 퀀텀매니아,2023-02-15,16346738806,0.0069999999999999,16346738806,1551129,1551129,2090,104768,미국,미국,,월트디즈니컴퍼니코리아 유한책임회사,12세이상관람가,페이튼 리드,1690.0,1.0,폴 러드,에반젤린 릴리,미셀 파이퍼,액션,,2.92,44.09,2023.02,25626211.0,25795268.0,51421479.0,1788.0,1500.0,288.0,1499649.0,8669.0,1551129.0,1551129.0,1551129.0,2,0.06,
외계+인 1부,2022-07-20,16009890548,0.006,16009890548,1541020,1541020,1959,68420,한국,한국,(주)케이퍼필름,(주)씨제이이엔,12세이상관람가,최동훈,360.0,0.0,류준열,김우빈,김태리,액션,판타지,3.29,52.09,2022.07,25708650.0,25865796.0,51574446.0,1801.0,1504.0,297.0,1461803.0,2123.0,2100258.3,1485570.5,1485570.5,7,0.1,0.2
잠,2023-09-06,13894258933,0.006,13894258933,1470359,1470359,1231,103697,한국,한국,(주)루이스 픽쳐스,롯데컬처웍스(주)롯데엔터테인먼트,15세이상관람가,유재,50.0,1.0,정유미,이선균,김금순,미스터리,,3.65,77.8,2023.09,25592335.0,25777666.0,51370001.0,2117.0,1772.0,345.0,937673.0,2253.0,1470359.0,831004.5,1470359.0,9,0.2,
외계+인 2부,2024-01-10,13792326337,0.006,13792326337,1430121,1430121,1390,97872,한국,한국,(주)케이퍼필름,(주)씨제이이엔,12세이상관람가,최동훈,340.0,0.0,류준열,김태리,김우빈,기타,,3.21,63.5,2024.01,25558944.0,25754968.0,51313912.0,,,,947979.0,2014.0,2100258.3,1485570.5,1485570.5,1,0.5,
위시,2024-01-03,13390807253,0.005,13390807253,1404568,1404568,1421,88438,미국,미국,,월트디즈니컴퍼니코리아 유한책임회사,전체관람가,"크리스 벅,폰 비라선손",2600.0,1.0,아리아나 데보스,크리스 파인,알란 터딕,애니메이션,,3.58,60.9,2024.01,25558944.0,25754968.0,51313912.0,,,,1549323.0,10391.0,1404568.0,849164.0,1404568.0,1,0.15,
달짝지근해: 7510,2023-08-15,13445519901,0.005,13445519901,1388309,1388309,1032,86601,한국,한국,(주)무비락,(주)마인드마크,12세이상관람가,이한,65.0,1.0,유해진,김희선,차인표,코미디,,3.36,84.38,2023.08,25596921.0,25780292.0,51377213.0,1874.0,1597.0,277.0,642066.0,1551.0,4794673.6,1388309.0,1388309.0,8,0.13,
브로커,2022-06-08,12587208030,0.005,12587208030,1261258,1261258,1594,66210,한국,한국,영화사 집,(주)씨제이이엔,12세이상관람가,고레에다 히로카즈,90.0,0.0,송강호,강동원,배두나,드라마,,3.68,43.67,2022.06,25711784.0,25866394.0,51578178.0,1768.0,1468.0,300.0,964462.0,3930.0,1211271.0,1588843.5,1261258.0,6,0.02,
건국전쟁,2024-02-01,10902106514,0.004,10902106514,1173329,1173329,956,49138,한국,한국,다큐스토리,다큐스토리,12세이상관람가,김덕영,3.0,1.0,,,,다큐멘터리,,2.3,24.0,2024.02,25553189.0,25750499.0,51303688.0,,,,36254.0,2847.0,,,,2,0.5,
인생은 아름다워,2022-09-28,10905112019,0.004,10905112019,1172587,1172587,1285,106986,한국,한국,더램프(주),롯데컬처웍스(주)롯데엔터테인먼트,12세이상관람가,최국희,117.0,0.0,김동국,류승룡,염정아,뮤지컬,,4.2,84.64,2022.09,25653998.0,25812660.0,51466658.0,2097.0,1696.0,401.0,124515.0,1315.0,1172587.0,1172587.0,3157924.0,9,0.33,
드림,2023-04-26,10821044597,0.004,10821044597,1128375,1128375,1285,61737,한국,한국,"(주)옥토버시네마,(주)노브레이크필름",플러스 엔터테인먼트,12세이상관람가,이병헌,139.0,0.0,박서준,아이유,김종수,코미디,드라마,3.94,66.0,2023.04,25617485.0,25790670.0,51408155.0,1869.0,1625.0,244.0,1726931.0,4412.0,2488809.5,1128375.0,1128375.0,4,0.13,0.08
비공식작전,2023-08-02,10192841216,0.004,10192841216,1058745,1058745,1151,45083,한국,한국,"(주)와인드업필름,와이낫필름",(주)쇼박스,12세이상관람가,김성훈,200.0,0.0,하정우,주지훈,권은성,드라마,,3.09,72.09,2023.08,25596921.0,25780292.0,51377213.0,1874.0,1597.0,277.0,1573086.0,1958.0,1042911.5,641731.5,1058745.0,8,0.15,
1947 보스톤,2023-09-27,9466375798,0.004,9466375798,1027078,1027078,1282,63550,한국,한국,"(주)비에이엔터테인먼트,(주)빅픽쳐","롯데컬처웍스(주)롯데엔터테인먼트,(주)콘텐츠지오,주식회사 에이투지엔터테인먼트",12세이상관람가,강제규,210.0,0.0,하정우,임시완,배성우,드라마,,3.11,52.27,2023.09,25592335.0,25777666.0,51370001.0,2117.0,1772.0,345.0,1404824.0,1421.0,1042911.5,1027078.0,1027078.0,9,0.05,
댓글부대,2024-03-27,9235306011,0.004,9235306011,972116,972116,1228,67650,한국,한국,(주)영화적순간,(주)에이스메이커무비웍스,15세이상관람가,안국진,70.0,0.0,손석구,김성철,김동휘,범죄,드라마,3.3,60.0,2024.03,25547370.0,25746564.0,51293934.0,,,,,,6832765.5,972116.0,972116.0,3,0.17,0.12
신차원! 짱구는 못말려 더 무비 초능력 대결전 ~날아라 수제김밥~,2023-12-22,9142532236,0.004,9142532236,945457,945457,883,39980,일본,일본,,(주)씨제이이엔,전체관람가,오네 히토시,90.0,1.0,,,,애니메이션,,3.0,58.88,2023.12,25565736.0,25759593.0,51325329.0,2301.0,1884.0,417.0,285445.0,1296.0,,,,12,0.17,
스파이더맨: 어크로스 더 유니버스,2023-06-21,9521750396,0.004,9521750396,923007,923007,1103,47346,미국,미국,,소니픽쳐스엔터테인먼트코리아주식회사극장배급지점,전체관람가,호아킴 도스 산토스,1300.0,1.0,샤메익 무어,헤일리 스테인펠드,제이크 존슨,애니메이션,,4.33,83.82,2023.06,25607244.0,25785501.0,51392745.0,1788.0,1532.0,256.0,337967.0,2854.0,923007.0,923007.0,923007.0,6,0.1,
데시벨,2022-11-16,8852632146,0.004,8852632146,901426,901426,1152,55355,한국,한국,"이스트드림시노펙스(주),(주)기억속의매미",(주)마인드마크,12세이상관람가,황인호,120.0,0.0,김래원,채시은,임병훈,액션,,2.87,24.83,2022.11,25643889.0,25806940.0,51450829.0,2127.0,1800.0,327.0,2071.0,16.0,901426.0,901426.0,901426.0,11,0.08,
정직한 후보2,2022-09-28,8447760162,0.003,8447760162,899899,899899,1318,77223,한국,한국,"(주)수필름,(주)홍필름",(주)넥스트엔터테인먼트월드(NEW),12세이상관람가,장유정,60.0,0.0,라미란,김무열,윤경호,코미디,,2.87,42.33,2022.09,25653998.0,25812660.0,51466658.0,2097.0,1696.0,401.0,514304.0,339.0,1303563.0,3965731.3,628064.0,9,0.27,
닥터 스트레인지: 대혼돈의 멀티버스,2022-05-04,9396809490,0.004,62648728870,896715,5884587,2276,59839,미국,미국,,월트디즈니컴퍼니코리아 유한책임회사,12세이상관람가,샘 레이미,3250.0,1.0,베네딕트 컴버배치,엘리자베스 올슨,베네딕트 웡,액션,어드벤처,3.39,48.08,2022.05,25715591.0,25868131.0,51583722.0,1804.0,1512.0,292.0,2804708.0,29878.0,5884587.0,5884587.0,5884587.0,5,0.13,0.06
아쿠아맨과 로스트 킹덤,2023-12-20,8990202656,0.004,8990202656,878012,878012,965,36735,미국,미국,,워너브러더스 코리아(주),12세이상관람가,제임스 완,2730.0,0.0,제이슨 모모아,패트릭 윌슨,야히아 압둘 마틴 2세,액션,어드벤처,3.14,38.9,2023.12,25565736.0,25759593.0,51325329.0,2301.0,1884.0,417.0,1746212.0,6785.0,1325747.5,639834.0,878012.0,12,0.06,0.19
인디아나 존스: 운명의 다이얼,2023-06-28,8504251466,0.003,8504251466,860470,860470,1268,46174,미국,미국,,월트디즈니컴퍼니코리아 유한책임회사,12세이상관람가,제임스 맨골드,3835.0,0.0,해리슨 포드,안토니오 반데라스,존 라이스 데이비스,어드벤처,액션,3.39,78.82,2023.06,25607244.0,25785501.0,51392745.0,1788.0,1532.0,256.0,751677.0,4429.0,860470.0,848728.5,860470.0,6,0.12,0.15
극장판 짱구는 못말려: 수수께끼! 꽃피는 천하떡잎학교,2022-09-28,8371600924,0.003,8371600924,837755,837755,873,41975,일본,일본,,(주)씨제이이엔,전체관람가,타카하시 와타루,90.0,1.0,,,,애니메이션,,3.6,74.88,2022.09,25653998.0,25812660.0,51466658.0,2097.0,1696.0,401.0,25563.0,230.0,,,,9,0.1,
장화신은 고양이: 끝내주는 모험,2023-01-04,7928562363,0.003,7928562363,836987,836987,924,43493,미국,미국,,유니버설픽쳐스인터내셔널 코리아(유),전체관람가,조엘 크로포드,1105.0,1.0,안토니오 반데라스,셀마 헤이엑,올리비아 콜맨,애니메이션,,3.75,85.27,2023.01,25631538.0,25798480.0,51430018.0,2346.0,2064.0,282.0,435283.0,793.0,848728.5,836987.0,2184227.5,1,0.15,
명탐정코난: 흑철의 어영,2023-07-20,7705318105,0.003,7705318105,801511,801511,1030,34473,일본,일본,,(주)씨제이이엔,12세이상관람가,타치카와 유즈루,180.0,1.0,,,,애니메이션,,3.5,44.78,2023.07,25603147.0,25783986.0,51387133.0,1821.0,1527.0,294.0,500617.0,8414.0,,,,7,0.12,
블랙 아담,2022-10-19,8040723608,0.003,8040723608,779485,779485,1524,77116,미국,미국,,워너브러더스 코리아(주),12세이상관람가,자움 콜렛 세라,3380.0,0.0,드웨인 존슨,노아 센티네오,피어스 브로스넌,액션,어드벤처,3.12,55.33,2022.1,25649509.0,25810117.0,51459626.0,1974.0,1646.0,328.0,1778963.0,2287.0,514141.5,779485.0,779485.0,10,0.06,0.12
트랜스포머: 비스트의 서막,2023-06-06,7786907316,0.003,7786907316,769993,769993,1123,45195,미국,미국,파라마운트 픽쳐스,롯데컬처웍스(주)롯데엔터테인먼트,12세이상관람가,스티븐 카플 주니어,2600.0,0.0,안소니 라모스,피터 딘클리지,,액션,,2.97,58.17,2023.06,25607244.0,25785501.0,51392745.0,1788.0,1532.0,256.0,2395714.0,4631.0,769993.0,769993.0,,6,0.15,
대외비,2023-03-01,7469378721,0.003,7469378721,756355,756355,1157,53616,한국,한국,"(주)트윈필름,(주)비에이엔터테인먼트",플러스 엔터테인먼트,15세이상관람가,이원태,102.0,0.0,조진웅,이성민,김무열,범죄,드라마,2.82,23.3,2023.03,25621573.0,25792708.0,51414281.0,1708.0,1484.0,224.0,2631501.0,316.0,497295.0,584595.5,3965731.3,3,0.17,0.12
자백,2022-10-26,7352559230,0.003,7352559230,738120,738120,1115,78568,한국,한국,리얼라이즈픽쳐스(주),롯데컬처웍스(주)롯데엔터테인먼트,15세이상관람가,윤종석,79.0,0.0,김도형,소지섭,김윤진,범죄,스릴러,3.82,74.91,2022.1,25649509.0,25810117.0,51459626.0,1974.0,1646.0,328.0,78074.0,317.0,738120.0,738120.0,553107.5,10,0.17,0.17
극장판 짱구는 못말려: 동물소환 닌자 배꼽수비대,2023-05-04,7262598609,0.003,7262598609,732188,732188,844,28899,일본,일본,,(주)씨제이이엔,전체관람가,하시모 마사카즈,90.0,1.0,,,,애니메이션,,3.3,68.25,2023.05,25612361.0,25788160.0,51400521.0,1979.0,1718.0,261.0,350593.0,1808.0,,,,5,0.1,
프레디의 피자가게,2023-11-15,6960971006,0.003,6960971006,712361,712361,1041,35047,미국,미국,유니버설픽쳐스인터내셔널 코리아(유),유니버설픽쳐스인터내셔널 코리아(유),12세이상관람가,엠마 타미,260.0,1.0,조쉬 허처슨,엘리자베스 라일,캣 코너 스털링,공포(호러),스릴러,2.33,41.1,2023.11,25572695.0,25764381.0,51337076.0,2183.0,1895.0,288.0,1421504.0,3733.0,407665.0,712361.0,712361.0,11,0.08,0.25
리바운드,2023-04-05,6707546948,0.003,6707546948,699623,699623,1154,56700,한국,한국,"(주)비에이엔터테인먼트,워크하우스컴퍼니(주)",(주)바른손이앤에이,12세이상관람가,장항준,70.0,0.0,홍성우,나현우,김영훈,드라마,,3.46,65.18,2023.04,25617485.0,25790670.0,51408155.0,1869.0,1625.0,244.0,192211.0,1398.0,699623.0,699623.0,699623.0,4,0.08,
더 마블스,2023-11-08,6841156465,0.003,6841156465,690814,690814,1532,66818,미국,미국,,월트디즈니컴퍼니코리아 유한책임회사,12세이상관람가,니아 다코스타,2860.0,0.0,브리 라슨,테요나 패리스,이만 벨라니,액션,SF,3.1,35.85,2023.11,25572695.0,25764381.0,51337076.0,2183.0,1895.0,288.0,848420.0,2279.0,690814.0,690814.0,690814.0,11,0.08,0.2
귀공자,2023-06-21,6704211465,0.003,6704211465,682856,682856,966,44887,한국,한국,"(주)영화사 금월,(주)스튜디오앤뉴",(주)넥스트엔터테인먼트월드(NEW),청소년관람불가,박훈정,100.0,0.0,정예지,김선호,강태주,액션,,3.86,59.72,2023.06,25607244.0,25785501.0,51392745.0,1788.0,1532.0,256.0,570711.0,4710.0,682856.0,682856.0,682856.0,6,0.15,
유령,2023-01-18,6760765879,0.003,6760765879,664146,664146,1099,46961,한국,한국,더램프(주),(주)씨제이이엔,15세이상관람가,이해영,137.0,0.0,설경구,이하늬,박소담,드라마,액션,3.92,76.94,2023.01,25631538.0,25798480.0,51430018.0,2346.0,2064.0,282.0,898212.0,2404.0,550709.0,427898.0,664146.0,1,0.15,0.02
인어공주,2023-05-24,6668613190,0.003,6668613190,647706,647706,1364,37592,미국,미국,,월트디즈니컴퍼니코리아 유한책임회사,전체관람가,롭 마샬,3250.0,1.0,멜리사 맥카시,하비에르 바르뎀,아콰피나,뮤지컬,가족,3.33,72.67,2023.05,25612361.0,25788160.0,51400521.0,1979.0,1718.0,261.0,1914119.0,6272.0,647706.0,647706.0,919401.7,5,0.33,1.0
플래시,2023-06-14,6735756989,0.003,6735756989,635269,635269,1258,43343,미국,미국,,워너브러더스 코리아(주),12세이상관람가,안드레스 무시에티,2860.0,0.0,에즈라 밀러,마이클 키튼,,액션,,3.64,73.82,2023.06,25607244.0,25785501.0,51392745.0,1788.0,1532.0,256.0,1897818.0,4932.0,635269.0,635269.0,,6,0.15,
혹성탈출: 새로운 시대,2024-05-08,6220144130,0.002,6220144130,611969,611969,1184,32141,미국,미국,,월트디즈니컴퍼니코리아 유한책임회사,12세이상관람가,웨스 볼,2080.0,0.0,오웬 티그,프레이아 앨런,케빈 두런드,액션,SF,3.39,73.08,2024.05,25536793.0,25740554.0,51277347.0,,,,1295022.0,5326.0,611969.0,611969.0,611969.0,5,0.13,0.2
압꾸정,2022-11-30,5727172661,0.002,5727172661,608639,608639,1229,47410,한국,한국,"주식회사 빅펀치픽쳐스,(주)홍필름,(주)비에이엔터테인먼트",(주)쇼박스,12세이상관람가,임진순,99.0,0.0,마동석,도희원,정경호,코미디,드라마,2.22,19.6,2022.11,25643889.0,25806940.0,51450829.0,2127.0,1800.0,327.0,1228704.0,1948.0,7994955.7,608639.0,608639.0,11,0.13,0.12
바비,2023-07-19,5760348243,0.002,5760348243,586371,586371,780,27733,미국,미국,,워너브러더스 코리아(주),12세이상관람가,그레타 거,1885.0,1.0,마 로비,라이언 고슬링,아메리카 페레라,기타,,3.33,61.83,2023.07,25603147.0,25783986.0,51387133.0,1821.0,1527.0,294.0,3041504.0,23958.0,400003.0,398387.5,586371.0,7,0.25,
극장판 포켓몬스터DP: 기라티나와 하늘의 꽃다발 쉐이미,2022-06-01,5477045710,0.002,5477045710,581216,581216,809,14101,일본,일본,,(주)넥스트엔터테인먼트월드(NEW),전체관람가,유야마 쿠니히코,180.0,1.0,마츠모 리카,오오타니 이쿠에,이선호,애니메이션,,3.4,55.25,2022.06,25711784.0,25866394.0,51578178.0,1768.0,1468.0,300.0,99420.0,693.0,581216.0,580667.5,581216.0,6,0.1,
"귀멸의 칼날: 상현집결, 그리 도공 마을로",2023-03-02,6586552900,0.003,6586552900,535969,535969,410,20955,일본,일본,,(주)디스테이션,15세이상관람가,소토자키 하루오,200.0,1.0,하나에 나츠키,키 아카리,시모노 히로,애니메이션,,3.3425,60.9159375,2023.03,25621573.0,25792708.0,51414281.0,1708.0,1484.0,224.0,26922.0,887.0,535969.0,535969.0,535969.0,3,0.07,
3일의 휴가,2023-12-06,4943474917,0.002,4943474917,527831,527831,863,32778,한국,한국,글뫼 주식회사,(주)쇼박스,12세이상관람가,육상효,20.0,1.0,김해숙,신민아,강기영,판타지,드라마,3.2,53.18,2023.12,25565736.0,25759593.0,51325329.0,2301.0,1884.0,417.0,842385.0,791.0,527831.0,527831.0,527831.0,12,0.2,0.08
더 문,2023-08-02,5207712778,0.002,5207712778,516556,516556,1187,30181,한국,한국,"씨제이이엔 스튜디오스 주식회사,블라드스튜디오",(주)씨제이이엔,12세이상관람가,김용화,280.0,0.0,설경구,도경수,박병은,SF,액션,3.6,89.55,2023.08,25596921.0,25780292.0,51377213.0,1874.0,1597.0,277.0,861374.0,17700.0,550709.0,516556.0,516556.0,8,0.2,0.12
고질라 X 콩: 뉴 엠파이어,2024-03-27,5109928603,0.002,5109928603,510254,510254,995,37745,미국,미국,,워너브러더스 코리아(주),12세이상관람가,아담 윈가드,1755.0,1.0,댄 스티븐스,레베카 홀,브라이언 타이리 헨리,액션,어드벤처,3.04,40.82,2024.03,25547370.0,25746564.0,51293934.0,,,,2257236.0,4512.0,510254.0,510254.0,510254.0,3,0.08,0.12
"귀멸의 칼날: 인연의 기적, 그리 합동 강화 훈련으로",2024-02-14,5625264900,0.002,5625264900,497320,497320,393,26054,일본,일본,,씨제이 씨지브이(CJ CGV)(주),15세이상관람가,소토자키 하루오,200.0,1.0,,,,애니메이션,,3.3425,60.9159375,2024.02,25553189.0,25750499.0,51303688.0,,,,2134406.0,12441.0,,,,2,0.05,
명탐정 코난: 할로윈의 신부,2022-07-13,5160153224,0.002,5160153224,495842,495842,758,19672,일본,일본,,(주)씨제이이엔,12세이상관람가,미츠나카 스스무,180.0,1.0,,,,애니메이션,,3.67,72.56,2022.07,25708650.0,25865796.0,51574446.0,1801.0,1504.0,297.0,424019.0,4581.0,,,,7,0.12,
동감,2022-11-16,4755257700,0.002,4755257700,490145,490145,1013,37451,한국,한국,(주)고고스튜디오,씨제이 씨지브이(CJ CGV)(주),12세이상관람가,서은영,30.0,0.0,신기환,여진구,조이현,멜로/로맨스,,3.44,92.56,2022.11,25643889.0,25806940.0,51450829.0,2127.0,1800.0,327.0,971209.0,1236.0,490145.0,490145.0,490145.0,11,0.5,
소년들,2023-11-01,4470423586,0.002,4470423586,471425,471425,1042,43356,한국,한국,"(주)아우라픽처스,(주)씨제이이엔",(주)씨제이이엔,15세이상관람가,정지영,100.0,0.0,설경구,유준상,진경,드라마,범죄,3.38,44.08,2023.11,25572695.0,25764381.0,51337076.0,2183.0,1895.0,288.0,732064.0,650.0,550709.0,471425.0,471425.0,11,0.12,0.08
늑대사냥,2022-09-21,4769650393,0.002,4769650393,458720,458720,1226,39242,한국,한국,"(주)콘텐츠지,(주)영화사채움","TCO(주)더콘텐츠온,씨제이 씨지브이(CJ CGV)(주)",청소년관람불가,김홍,130.0,0.0,김세중,서인국,장동윤,액션,범죄,4.5,42.25,2022.09,25653998.0,25812660.0,51466658.0,2097.0,1696.0,401.0,2919678.0,2136.0,458720.0,458720.0,458720.0,9,0.08,0.17
뽀로로 극장판 드래곤캐슬 대모험,2022-07-28,4215596775,0.002,4215596775,451136,451136,748,17949,한국,한국,(주)오콘,(주)넥스트엔터테인먼트월드(NEW),전체관람가,"강승훈,윤제완",20.0,1.0,이선,이미자,김현지,애니메이션,,4.1,70.88,2022.07,25708650.0,25865796.0,51574446.0,1801.0,1504.0,297.0,673355.0,845.0,351844.0,351844.0,334020.5,7,0.12,
신비아파트 극장판 차원도깨비와 7개의 세계,2022-12-14,4129728321,0.002,4129728321,432388,432388,686,17355,한국,한국,(주)씨제이이엔,(주)씨제이이엔,전체관람가,변영규,20.0,1.0,김영은,김채하,신용우,애니메이션,,3.3,54.0,2022.12,25636951.0,25802087.0,51439038.0,2169.0,1802.0,367.0,534721.0,4371.0,432388.0,432388.0,302466.5,12,0.17,
타겟,2023-08-30,4003424694,0.002,4003424694,424916,424916,986,43332,한국,한국,(주)영화사피어나,플러스 엔터테인먼트,15세이상관람가,박희곤,45.0,0.0,신혜선,김성균,임성재,스릴러,,3.78,36.91,2023.08,25596921.0,25780292.0,51377213.0,1874.0,1597.0,277.0,489402.0,701.0,280372.7,424916.0,424916.0,8,0.17,
스위치,2023-01-04,4015064694,0.002,4015064694,422417,422417,912,37589,한국,한국,(주)하이브미디어코프,롯데컬처웍스(주)롯데엔터테인먼트,12세이상관람가,마대윤,48.0,0.0,권상우,오정세,이민정,기타,,3.62,56.5,2023.01,25631538.0,25798480.0,51430018.0,2346.0,2064.0,282.0,364657.0,514.0,422417.0,368051.5,422417.0,1,0.5,
놉,2022-08-17,4710335135,0.002,4710335135,416048,416048,1031,31747,미국,미국,,유니버설픽쳐스인터내셔널 코리아(유),12세이상관람가,조던 필,884.0,1.0,다니엘 칼루야,키키 팰머,스티븐 연,미스터리,공포(호러),3.6,60.8,2022.08,25699579.0,25858862.0,51558441.0,1920.0,1567.0,353.0,1828359.0,3567.0,416048.0,416048.0,416048.0,8,0.1,0.08
서치 2,2023-02-22,4084323024,0.002,4084323024,414598,414598,868,36910,미국,미국,,소니픽쳐스엔터테인먼트코리아주식회사극장배급지점,12세이상관람가,"니콜라스 D 존슨,윌 메릭",91.0,1.0,스톰 리드,켄 렁,다니엘 헤니,미스터리,스릴러,3.5,60.38,2023.02,25626211.0,25795268.0,51421479.0,1788.0,1500.0,288.0,100937.0,399.0,414598.0,414598.0,414598.0,2,0.3,0.08
리멤버,2022-10-26,3970165717,0.002,3970165717,412836,412836,1189,51986,한국,한국,(주)영화사 월광,(주)에이스메이커무비웍스,15세이상관람가,이일형,50.0,0.0,이성민,남주혁,박근형,드라마,,4.09,63.91,2022.1,25649509.0,25810117.0,51459626.0,1974.0,1646.0,328.0,,,584595.5,412836.0,412836.0,10,0.1,
트롤: 밴드 투게더,2023-12-20,3756959485,0.002,3756959485,407589,407589,845,15172,미국,미국,,유니버설픽쳐스인터내셔널 코리아(유),전체관람가,월트 도른,1235.0,0.0,안나 켄드릭,저스틴 팀버레이크,주이 디샤넬,애니메이션,,3.4,75.0,2023.12,25565736.0,25759593.0,51325329.0,2301.0,1884.0,417.0,620151.0,908.0,407589.0,407589.0,407589.0,12,0.17,
인시디어스: 빨간 문,2023-07-19,4096944506,0.002,4096944506,401656,401656,758,18759,미국,미국,,소니픽쳐스엔터테인먼트코리아주식회사극장배급지점,15세이상관람가,패트릭 윌슨,208.0,1.0,패트릭 윌슨,타이 심킨스,,공포(호러),,2.69,44.56,2023.07,25603147.0,25783986.0,51387133.0,1821.0,1527.0,294.0,323671.0,1474.0,639834.0,401656.0,,7,0.08,
싱글 인 서울,2023-11-29,3748567012,0.002,3748567012,400651,400651,917,32604,한국,한국,"(주)디씨지플러스,(주)명필름,(주)인사이트필름",롯데컬처웍스(주)롯데엔터테인먼트,12세이상관람가,박범수,45.0,0.0,이동욱,임수정,이솜,멜로/로맨스,코미디,3.13,70.64,2023.11,25572695.0,25764381.0,51337076.0,2183.0,1895.0,288.0,443594.0,1252.0,400651.0,357168.5,1158540.0,11,0.5,0.13
카운트,2023-02-22,3784714091,0.002,3784714091,398542,398542,946,37255,한국,한국,"(주)필름케이,(주)26컴퍼니",(주)씨제이이엔,12세이상관람가,권혁재,50.0,0.0,진선규,김지창,성유빈,드라마,,3.08,63.0,2023.02,25626211.0,25795268.0,51421479.0,1788.0,1500.0,288.0,820588.0,574.0,398542.0,398542.0,398542.0,2,0.08,
뽀로로 극장판 슈퍼스타 대모험,2023-12-13,3533478203,0.001,3533478203,387491,387491,850,18257,한국,한국,(주)오콘,씨제이 씨지브이(CJ CGV)(주),전체관람가,"윤제완,김성민",10.0,1.0,이선,이미자,함수정,애니메이션,,3.7,60.0,2023.12,25565736.0,25759593.0,51325329.0,2301.0,1884.0,417.0,465500.0,1155.0,351844.0,351844.0,387491.0,12,0.17,
상견니,2023-01-25,3817249538,0.002,3817249538,384476,384476,699,34290,대만,대만,,"오드,리바이브콘텐 주식회사,씨제이 씨지브이(CJ CGV)(주)",15세이상관람가,황천인,30.0,1.0,가가연,허광한,시백우,드라마,판타지,4.2,67.33,2023.01,25631538.0,25798480.0,51430018.0,2346.0,2064.0,282.0,184913.0,2479.0,384476.0,384476.0,384476.0,1,0.15,0.4
도그데이즈,2024-02-07,3574759608,0.001,3574759608,368095,368095,847,27553,한국,한국,(주)씨제이이엔,(주)씨제이이엔,12세이상관람가,김덕민,82.0,0.0,윤여정,유해진,김윤진,드라마,,3.12,89.0,2024.02,25553189.0,25750499.0,51303688.0,,,,712166.0,672.0,368095.0,4794673.6,553107.5,2,0.08,
더 넌 2,2023-09-27,3754295273,0.002,3754295273,360743,360743,720,20965,미국,미국,,워너브러더스 코리아(주),15세이상관람가,마이클 차베즈,507.0,1.0,타이사 파미가,보니 아론스,조나스 블로켓,공포(호러),,2.64,33.7,2023.09,25592335.0,25777666.0,51370001.0,2117.0,1772.0,345.0,725589.0,1172.0,360743.0,360743.0,360743.0,9,0.17,
탄생,2022-11-30,3189107816,0.001,3189107816,356229,356229,690,20954,한국,한국,"민영화사,가톨릭문화원 ALMA ART","씨제이 씨지브이(CJ CGV)(주),(주)레드아이스 엔터테인먼트",12세이상관람가,박흥식,150.0,0.0,윤시윤,안성기,윤경호,드라마,,3.88,91.7,2022.11,25643889.0,25806940.0,51450829.0,2127.0,1800.0,327.0,837823.0,1091.0,356229.0,356229.0,628064.0,11,0.12,
인투 더 월드,2024-01-10,3170264916,0.001,3170264916,348438,348438,839,27036,미국,미국,,유니버설픽쳐스인터내셔널 코리아(유),전체관람가,벤자민 레너,936.0,1.0,엘리자베스 뱅크스,캐롤 케인,아콰피나,애니메이션,,3.14,62.0,2024.01,25558944.0,25754968.0,51313912.0,,,,338653.0,276.0,348438.0,348438.0,919401.7,1,0.15,
버즈 라이트이어,2022-06-15,3511804460,0.001,3511804460,344774,344774,844,21869,미국,미국,,월트디즈니컴퍼니코리아 유한책임회사,전체관람가,앵거스 맥클레인,2600.0,0.0,크리스 에반스,타이카 와이티티,피터 손,애니메이션,액션,3.48,52.42,2022.06,25711784.0,25866394.0,51578178.0,1768.0,1468.0,300.0,269344.0,1525.0,344774.0,344774.0,344774.0,6,0.1,0.15
웅남이,2023-03-22,2868959071,0.001,2868959071,314241,314241,829,36060,한국,한국,(주)영화사김치,씨제이 씨지브이(CJ CGV)(주),15세이상관람가,박성광,40.0,0.0,박성웅,최민수,오달수,코미디,액션,1.67,25.22,2023.03,25621573.0,25792708.0,51414281.0,1708.0,1484.0,224.0,122607.0,612.0,314241.0,314241.0,314241.0,3,0.13,0.08
거미집,2023-09-27,3003379576,0.001,3003379576,313686,313686,1058,27130,한국,한국,앤솔로지스튜디오(주),(주)바른손이앤에이,15세이상관람가,김지운,96.0,0.0,송강호,임수정,오정세,코미디,드라마,3.52,60.28,2023.09,25592335.0,25777666.0,51370001.0,2117.0,1772.0,345.0,654438.0,1218.0,1211271.0,357168.5,368051.5,9,0.27,0.05
던전 앤 드래곤: 도적들의 명예,2023-03-29,2935281137,0.001,2935281137,293760,293760,1105,34065,미국,미국,,롯데컬처웍스(주)롯데엔터테인먼트,12세이상관람가,,1950.0,0.0,크리스 파인,미셸 로드리게즈,레게-장 페이지,액션,어드벤처,3.58,73.42,2023.03,25621573.0,25792708.0,51414281.0,1708.0,1484.0,224.0,721451.0,686.0,849164.0,293760.0,293760.0,3,0.08,0.12
극장판 스파이 패밀리 코드 : 화이트,2024-03-20,2817619648,0.001,2817619648,282742,282742,917,26051,일본,일본,,"(주)넥스트엔터테인먼트월드(NEW),(주)대교 미디어콘텐츠사업본부",12세이상관람가,카타기리 타카시,30.0,1.0,에구치 타쿠야,타네자키 아츠미,하야미 사오리,애니메이션,,3.2,51.38,2024.03,25547370.0,25746564.0,51293934.0,,,,362801.0,4777.0,282742.0,282742.0,282742.0,3,0.07,
용감한 시민,2023-10-25,2448332472,0.001,2448332472,267371,267371,887,30454,한국,한국,"스튜디오엔(주),볼미디어(주)",(주)마인드마크,15세이상관람가,박진표,80.0,0.0,신혜선,이준영,박정우,액션,드라마,3.26,42.4,2023.1,25582773.0,25771453.0,51354226.0,2078.0,1719.0,359.0,213134.0,1701.0,280372.7,267371.0,267371.0,10,0.06,0.1
화란,2023-10-11,2515803090,0.001,2515803090,264050,264050,976,35554,한국,한국,(주)사나이픽처스,플러스 엔터테인먼트,15세이상관람가,김창훈,38.0,0.0,홍사빈,송중기,김형서,드라마,,3.27,51.62,2023.1,25582773.0,25771453.0,51354226.0,2078.0,1719.0,359.0,679582.0,1133.0,264050.0,264050.0,264050.0,10,0.1,
크리에이터,2023-10-03,2775280272,0.001,2775280272,262823,262823,878,25149,미국,미국,,월트디즈니컴퍼니코리아 유한책임회사,12세이상관람가,가렛 에드워즈,1040.0,0.0,존 데이비드 워싱턴,젬마 찬,,SF,액션,3.28,61.18,2023.1,25582773.0,25771453.0,51354226.0,2078.0,1719.0,359.0,1458177.0,843.0,262823.0,262823.0,,10,0.2,0.06
옥수역귀,2023-04-19,2744049700,0.001,2744049700,256520,256520,314,13683,한국,"한국,일본",(주)영화사조아,(주)스마일이엔티,15세이상관람가,정용기,30.0,0.0,김보라,서제광,김재현,공포(호러),미스터리,1.5,21.12,2023.04,25617485.0,25790670.0,51408155.0,1869.0,1625.0,244.0,44385.0,593.0,256520.0,256520.0,256520.0,4,0.17,0.1
아임 히어로 더 파이널,2023-03-01,6059713000,0.002,6059713000,250702,250702,146,8897,한국,한국,씨제이포디플렉스 주식회사,"씨제이포디플렉스 주식회사,CGV ICECON",전체관람가,오윤동,3.0,1.0,임영,,,공연,다큐멘터리,2.78,57.44,2023.03,25621573.0,25792708.0,51414281.0,1708.0,1484.0,224.0,348883.0,5669.0,250702.0,,,3,1.0,0.5
DC 리그 오브 슈퍼-펫,2022-08-10,2322641159,0.001,2322641159,248798,248798,585,13069,미국,미국,,워너브러더스 코리아(주),전체관람가,"자레드 스턴,샘 레빈",1170.0,0.0,드웨인 존슨,케빈 하트,키아누 리브스,애니메이션,액션,3.0,76.5,2022.08,25699579.0,25858862.0,51558441.0,1920.0,1567.0,353.0,1677672.0,272.0,514141.5,248798.0,1086783.0,8,0.02,0.12
포켓 몬스터 DP: 아르세우스 초극의 시공으로,2009-12-24,2237957275,0.001,4479845275,242111,580119,587,10331,일본,일본,,"(주)넥스트엔터테인먼트월드(NEW),실버스푼",전체관람가,유야마 쿠니히코,180.0,1.0,오오타니 이쿠에,,,애니메이션,어드벤처,3.3425,60.9159375,2009.12,,,,,,,57300.0,375.0,580667.5,,,12,0.17,0.19
데드맨,2024-02-07,2272468704,0.001,2272468704,238235,238235,800,19490,한국,한국,"(주)팔레트픽처스,(주)사람엔터테인먼트",플러스 엔터테인먼트,15세이상관람가,하준원,75.0,0.0,조진웅,김희애,이수경,범죄,,3.8,61.2,2024.02,25553189.0,25750499.0,51303688.0,,,,17449.0,42.0,497295.0,238235.0,238235.0,2,0.08,
소울메이트,2023-03-15,2268860069,0.001,2268860069,234885,234885,749,28271,한국,한국,"클라이맥스 스튜디오(주),(주)앤드마크,(주)스튜디오앤뉴,(주)키이스트",(주)넥스트엔터테인먼트월드(NEW),12세이상관람가,민용근,45.0,0.0,김다미,전소니,변우석,드라마,,3.56,80.25,2023.03,25621573.0,25792708.0,51414281.0,1708.0,1484.0,224.0,843248.0,3557.0,234885.0,234885.0,234885.0,3,0.12,
극장판 헬로카봇: 수상한 마술단의 비밀,2022-09-28,2160350817,0.001,2160350817,231236,231236,790,12769,한국,한국,"(주)초이락컨텐츠컴퍼니,스튜디오더블유바바(주)",롯데컬처웍스(주)롯데엔터테인먼트,전체관람가,"최신규,이슬기,정승원",10.0,1.0,이지현,조경이,김용준,애니메이션,,3.0,46.5,2022.09,25653998.0,25812660.0,51466658.0,2097.0,1696.0,401.0,696074.0,695.0,231236.0,231236.0,231236.0,9,0.1,
메간,2023-01-25,2331686898,0.001,2331686898,230874,230874,704,21067,미국,미국,,유니버설픽쳐스인터내셔널 코리아(유),15세이상관람가,제라드 존스톤,156.0,1.0,앨리슨 윌리암스,바이올렛 맥그로우,,공포(호러),스릴러,2.65,60.17,2023.01,25631538.0,25798480.0,51430018.0,2346.0,2064.0,282.0,922511.0,2031.0,230874.0,230874.0,,1,0.08,0.08
아바타 리마스터링,2022-09-21,3895090540,0.002,3895090540,230712,230712,285,9881,미국,미국,,월트디즈니컴퍼니코리아 유한책임회사,12세이상관람가,제임스 카메,5200.0,1.0,샘 워싱턴,조 샐다나,시고니 위버,SF,어드벤처,3.9,54.0,2022.09,25653998.0,25812660.0,51466658.0,2097.0,1696.0,401.0,395596.0,486.0,5517888.5,5081675.7,5517888.5,9,0.2,0.06
나폴레옹,2023-12-06,2261510673,0.001,2261510673,227978,227978,822,18114,미국,미국,,소니픽쳐스엔터테인먼트코리아주식회사극장배급지점,15세이상관람가,리들리 스콧,1690.0,0.0,호아킨 피닉스,바네사 커비,,전쟁,드라마,3.71,63.91,2023.12,25565736.0,25759593.0,51325329.0,2301.0,1884.0,417.0,1568310.0,2403.0,227978.0,227978.0,,12,1.0,0.08
젠틀맨,2022-12-28,2117151503,0.001,2117151503,224718,224718,751,16008,한국,한국,"(주)트릭스터,주식회사 에이치앤드엔터테인먼트",플러스 엔터테인먼트,15세이상관람가,김경원,50.0,0.0,윤호림,정혜자,주지훈,범죄,,3.1,30.0,2022.12,25636951.0,25802087.0,51439038.0,2169.0,1802.0,367.0,52321.0,420.0,6676369.0,224718.0,641731.5,12,0.08,
극장판 뽀로로와 친구들: 바이러스를 없애줘!,2022-12-01,1953049000,0.001,1953049000,216905,216905,380,9917,한국,한국,(주)오콘,(주)넥스트엔터테인먼트월드(NEW),전체관람가,박영,10.0,0.0,이선,이미자,김현지,애니메이션,,3.9,49.5,2022.12,25636951.0,25802087.0,51439038.0,2169.0,1802.0,367.0,1040006.0,666.0,351844.0,351844.0,334020.5,12,0.17,
바빌,2023-02-01,2150176805,0.001,2150176805,213635,213635,852,21533,미국,미국,,롯데컬처웍스(주)롯데엔터테인먼트,청소년관람불가,데이미언 셔젤,1040.0,0.0,브래드 피트,마 로비,디에 칼바,드라마,,4.0,89.0,2023.02,25626211.0,25795268.0,51421479.0,1788.0,1500.0,288.0,620168.0,1027.0,178627.5,400003.0,213635.0,2,0.08,
스턴트맨,2024-05-01,2144864285,0.001,2144864285,210404,210404,801,16698,미국,미국,,유니버설픽쳐스인터내셔널 코리아(유),15세이상관람가,데이빗 레이치,1625.0,0.0,라이언 고슬링,에밀리 블런트,애 테일러 존슨,액션,코미디,3.34,65.9,2024.05,25536793.0,25740554.0,51277347.0,,,,78419.0,893.0,398387.5,1724098.5,177012.0,5,0.13,0.07
원피스 필름 레드,2022-11-30,2196993724,0.001,2196993724,206770,206770,550,15540,일본,일본,,(주)넥스트엔터테인먼트월드(NEW),12세이상관람가,타니구치 고로,200.0,1.0,,,,애니메이션,,3.02,52.22,2022.11,25643889.0,25806940.0,51450829.0,2127.0,1800.0,327.0,401917.0,3288.0,,,,11,0.05,
베니스 유령 살인사건,2023-09-13,2004013347,0.001,2004013347,205102,205102,876,27978,미국,미국,,월트디즈니컴퍼니코리아 유한책임회사,12세이상관람가,케네스 브래너,780.0,0.0,케네스 브래너,양자경,제이미 도넌,범죄,미스터리,3.02,50.8,2023.09,25592335.0,25777666.0,51370001.0,2117.0,1772.0,345.0,214855.0,371.0,205102.0,158346.5,205102.0,9,0.17,0.2
극장판 하이큐!! 쓰레기장의 결전,2024-05-15,2125043257,0.001,2125043257,203932,203932,1212,7523,일본,일본,,"(주)넥스트엔터테인먼트월드(NEW),씨제이 씨지브이(CJ CGV)(주)",전체관람가,미츠나카 스스무,30.0,1.0,무라세 아유무,이시카와 카이토,카지 유우키,애니메이션,,3.9,51.12,2024.05,25536793.0,25740554.0,51277347.0,,,,431225.0,1994.0,203932.0,203932.0,203932.0,5,0.1,
브레드이발소: 셀럽 인 베이커리타운,2024-03-01,1721458580,0.001,1721458580,201130,201130,342,8109,한국,한국,㈜브레드이발소,롯데컬처웍스(주)롯데엔터테인먼트,전체관람가,정지환,10.0,0.0,엄상현,박윤희,강시현,애니메이션,,3.1,64.5,2024.03,25547370.0,25746564.0,51293934.0,,,,10187.0,79.0,156248.0,201130.0,201130.0,3,0.07,
멍뭉이,2023-03-01,1832643386,0.001,1832643386,196529,196529,649,15443,한국,한국,"(주)와이웍스엔터테인먼트,(주)돈키호테엔터테인먼트",(주)키다리스튜디오,전체관람가,김주환,30.0,0.0,유연석,차태현,,드라마,,3.44,50.55,2023.03,25621573.0,25792708.0,51414281.0,1708.0,1484.0,224.0,1926569.0,2914.0,196529.0,196529.0,,3,0.12,
킬링 로맨스,2023-04-14,1833415642,0.001,1833415642,191650,191650,998,26101,한국,한국,"(주)영화사 이창,쇼트케이크(주)",롯데컬처웍스(주)롯데엔터테인먼트,15세이상관람가,이원석,76.0,0.0,이상진,이하늬,이선균,코미디,,3.27,68.89,2023.04,25617485.0,25790670.0,51408155.0,1869.0,1625.0,244.0,3255103.0,2136.0,191650.0,427898.0,831004.5,4,0.13,
헝거게임: 노래하는 새와 뱀의 발라드,2023-11-15,1811452126,0.001,1811452126,185507,185507,986,19755,미국,미국,,(주)누리픽쳐스,15세이상관람가,프란시스 로렌스,1300.0,1.0,레이첼 지글러,톰 블라이스,헌터 샤퍼,액션,어드벤처,3.52,69.1,2023.11,25572695.0,25764381.0,51337076.0,2183.0,1895.0,288.0,32702.0,255.0,185507.0,185507.0,185507.0,11,0.08,0.12
오멘: 저주의 시작,2024-04-03,1859296182,0.001,1859296182,180695,180695,644,16507,미국,미국,,월트디즈니컴퍼니코리아 유한책임회사,15세이상관람가,아르카샤 스티븐슨,390.0,0.0,넬 타이거 프리,타우픽 바롬,소냐 브라가,공포(호러),,3.23,88.11,2024.04,25541855.0,25743298.0,51285153.0,,,,788824.0,621.0,180695.0,180695.0,180695.0,4,0.17,
오펀: 천사의 탄생,2022-10-12,1808746476,0.001,1808746476,177880,177880,707,20180,미국,미국,,메가박스중앙(주),15세이상관람가,윌리엄 브렌트 벨,130.0,1.0,이사벨 퍼만,줄리아 스타일즈,로지프 서덜랜드,공포(호러),스릴러,2.56,67.56,2022.1,25649509.0,25810117.0,51459626.0,1974.0,1646.0,328.0,54435.0,288.0,177880.0,177880.0,177880.0,10,0.17,0.17
극장판 엄마 까투리: 도시로 간 까투리 가족,2022-09-08,1609124999,0.001,1609124999,173896,173896,616,9459,한국,한국,(주)퍼니플럭스,(주)넥스트엔터테인먼트월드(NEW),전체관람가,정길훈,10.0,0.0,김서영,이윤희,김은아,애니메이션,,3.1,77.0,2022.09,25653998.0,25812660.0,51466658.0,2097.0,1696.0,401.0,578985.0,741.0,173896.0,173896.0,173896.0,9,0.1,
퍼피 구조대: 더 마이티 무비,2023-10-06,1566183076,0.001,1566183076,172545,172545,566,9675,미국,미국,파라마운트 픽쳐스,롯데컬처웍스(주)롯데엔터테인먼트,전체관람가,캘런 브런커,2.6,0.0,정선혜,박지윤,신용우,애니메이션,어드벤처,3.2,87.5,2023.1,25582773.0,25771453.0,51354226.0,2078.0,1719.0,359.0,44740.0,110.0,172545.0,172545.0,302466.5,10,0.02,0.12
플라워 킬링 문,2023-10-19,1588789082,0.001,1588789082,167914,167914,719,14605,미국,미국,,롯데컬처웍스(주)롯데엔터테인먼트,청소년관람불가,마틴 스코세이지,2600.0,0.0,레오나르도 디카프리오,로버트 드 니로,,범죄,드라마,4.18,73.06,2023.1,25582773.0,25771453.0,51354226.0,2078.0,1719.0,359.0,728823.0,610.0,167914.0,167914.0,,10,0.17,0.1
가문의 영광: 리턴즈,2023-09-21,1608459160,0.001,1608459160,167878,167878,823,20003,한국,한국,(주)태원엔터테인먼트,(주)넥스트엔터테인먼트월드(NEW),15세이상관람가,"정태원,정용기",40.0,0.0,윤현민,유라,김수미,코미디,,1.2,32.38,2023.09,25592335.0,25777666.0,51370001.0,2117.0,1772.0,345.0,10943.0,17.0,167878.0,167878.0,167878.0,9,0.27,
마루이 비디오,2023-02-22,1705521500,0.001,1705521500,165892,165892,284,8962,한국,한국,"(주)발포플랜,(주)브라더픽처스","씨제이 씨지브이(CJ CGV)(주),(주)케이티알파",15세이상관람가,윤준형,30.0,0.0,서현우,조민경,임한성,미스터리,공포(호러),2.2,45.22,2023.02,25626211.0,25795268.0,51421479.0,1788.0,1500.0,288.0,88356.0,242.0,165892.0,165892.0,165892.0,2,0.3,0.17
"포켓몬스터: 성도지방 이야기, 최종장",2024-05-01,1360143962,0.001,1360143962,154409,154409,710,9212,일본,일본,,롯데컬처웍스(주)롯데엔터테인먼트,전체관람가,유야마 쿠니히코,150.0,1.0,,,,애니메이션,,3.1,57.25,2024.05,25536793.0,25740554.0,51277347.0,,,,31035.0,311.0,,,,5,0.1,
그녀가 죽었다,2024-05-15,1406190761,0.001,1406190761,148831,148831,898,6409,한국,한국,엔진 필름,"(주)콘텐츠지오,(주)아티스트스튜디오,(주)무빙픽쳐스컴퍼니",15세이상관람가,김세휘,70.0,0.0,변요한,신혜선,이엘,미스터리,스릴러,2.5,45.88,2024.05,25536793.0,25740554.0,51277347.0,,,,318160.0,592.0,148831.0,280372.7,148831.0,5,0.1,0.08
불릿 트레인,2022-08-24,1554615073,0.001,1554615073,143620,143620,904,19957,미국,미국,,소니픽쳐스엔터테인먼트코리아주식회사극장배급지점,청소년관람불가,데이빗 레이치,1116.7,0.0,브래드 피트,조이 킹,애 테일러 존슨,액션,,3.5,30.33,2022.08,25699579.0,25858862.0,51558441.0,1920.0,1567.0,353.0,946385.0,853.0,178627.5,143620.0,177012.0,8,0.12,
눈의 여왕5: 스노우 프린세스와 미러랜드의 비밀,2022-12-22,1301016791,0.001,1301016791,141354,141354,626,6835,기타,기타,,메가박스중앙(주),전체관람가,알렉세이 트시칠린,20.0,1.0,,,,애니메이션,,1.9,59.29,2022.12,25636951.0,25802087.0,51439038.0,2169.0,1802.0,367.0,19551.0,87.0,,,,12,0.17,
극장판 엉덩이 탐정: 미스터리 가면 ~최강의 대결,2023-09-28,1278771994,0.001,1278771994,141025,141025,601,8252,일본,일본,,(주)넥스트엔터테인먼트월드(NEW),전체관람가,,10.0,1.0,,,,애니메이션,,2.9,52.62,2023.09,25592335.0,25777666.0,51370001.0,2117.0,1772.0,345.0,75660.0,257.0,,,,9,0.1,
아가일,2024-02-07,1442627957,0.001,1442627957,140533,140533,841,15934,미국,미국,,유니버설픽쳐스인터내셔널 코리아(유),12세이상관람가,매튜 본,2600.0,0.0,헨리 카빌,브라이스 달라스 하워드,샘 록웰,액션,코미디,3.17,55.4,2024.02,25553189.0,25750499.0,51303688.0,,,,1359071.0,2418.0,140533.0,1488971.5,140533.0,2,0.06,0.07
극장판 슈퍼윙스: 맥시멈 스피드,2023-07-20,1192070958,0.0,1192070958,135976,135976,407,6202,한국,한국,(주)퍼니플럭스,(주)넥스트엔터테인먼트월드(NEW),전체관람가,정길훈,20.0,0.0,문남숙,장은숙,최보배,애니메이션,,2.7,69.5,2023.07,25603147.0,25783986.0,51387133.0,1821.0,1527.0,294.0,1090278.0,3002.0,135976.0,135976.0,135976.0,7,0.12,
보호자,2023-08-15,1238963700,0.0,1238963700,128534,128534,685,11004,한국,한국,(주)영화사테이크,(주)에이스메이커무비웍스,15세이상관람가,정우성,80.0,0.0,정우성,김남길,김준한,액션,드라마,2.22,17.1,2023.08,25596921.0,25780292.0,51377213.0,1874.0,1597.0,277.0,,,128534.0,128534.0,128534.0,8,0.12,0.15
패스트 라이브즈,2024-03-06,1176859399,0.0,1176859399,126402,126402,613,15739,미국,미국,,(주)씨제이이엔,12세이상관람가,셀린 송,65.0,0.0,그레타 리,유태오,존 마가로,드라마,,3.6,79.83,2024.03,25547370.0,25746564.0,51293934.0,,,,329636.0,1795.0,126402.0,126402.0,126402.0,3,0.12,
두다다쿵: 후후섬의 비밀,2023-02-15,1136395650,0.0,1136395650,125978,125978,514,8549,한국,한국,아이스크림 스튜디오(주),(주)넥스트엔터테인먼트월드(NEW),전체관람가,"최병선,김지윤",10.0,0.0,,,,애니메이션,,2.9,85.0,2023.02,25626211.0,25795268.0,51421479.0,1788.0,1500.0,288.0,509565.0,173.0,,,,2,0.05,
메가로돈 2,2023-08-15,1314843169,0.001,1314843169,125935,125935,415,7812,미국,미국,,워너브러더스 코리아(주),12세이상관람가,벤 휘틀리,1677.0,1.0,제이슨 스타뎀,오경,,액션,,2.5,27.64,2023.08,25596921.0,25780292.0,51377213.0,1874.0,1597.0,277.0,166139.0,563.0,667462.3,125935.0,,8,0.12,
너의 이름은.,2017-01-04,1226263445,0.0,31845678991,121918,3914563,101,4838,일본,일본,,플러스 엔터테인먼트,12세이상관람가,신카이 마코,37.0,1.0,카미키 류노스케,카미시라이시 모네,나가사와 마사미,애니메이션,드라마,2.9,58.88,2017.01,,,,,,,844204.0,11592.0,3914563.0,3914563.0,3914563.0,1,0.15,0.15
그란 투리스모,2023-09-20,1200410739,0.0,1200410739,120125,120125,883,17744,미국,미국,,소니픽쳐스엔터테인먼트코리아주식회사극장배급지점,12세이상관람가,,780.0,0.0,,,,액션,,3.47,88.5,2023.09,25592335.0,25777666.0,51370001.0,2117.0,1772.0,345.0,74509.0,467.0,,,,9,0.08,
말하 싶은 비밀,2023-12-13,1121475015,0.0,1121475015,118928,118928,401,7788,일본,일본,,"(주)바이포엠스튜디오,홀리가",전체관람가,,30.0,1.0,사쿠라다 히요리,,,멜로/로맨스,,4.0,82.0,2023.12,25565736.0,25759593.0,51325329.0,2301.0,1884.0,417.0,93776.0,597.0,118928.0,,,12,0.25,
스트레인지 월드,2022-11-23,968821831,0.0,968821831,112910,112910,699,8463,미국,미국,,월트디즈니컴퍼니코리아 유한책임회사,전체관람가,"돈 홀,퀴 응우옌",1560.0,0.0,제이크 질렌할,데니스 퀘이드,자부키 영-화이트,애니메이션,,2.9,46.12,2022.11,25643889.0,25806940.0,51450829.0,2127.0,1800.0,327.0,322674.0,172.0,112910.0,112910.0,112910.0,11,0.05,
에브리씽 에브리웨어 올 앳 원스+,2023-03-01,1141910984,0.0,1141910984,111591,111591,234,8676,미국,미국,,워터홀컴퍼니(주),15세이상관람가,"다니엘 콴,다니엘 쉐이너트",185.9,1.0,양자경,스테파니 수,키 호이 콴,액션,코미디,4.3,64.12,2023.03,25621573.0,25792708.0,51414281.0,1708.0,1484.0,224.0,238946.0,579.0,158346.5,111591.0,111591.0,3,0.08,0.13
캐리와 슈퍼콜라,2023-01-18,1028263819,0.0,1028263819,111366,111366,474,6708,한국,한국,(주)캐리소프트,롯데컬처웍스(주)롯데엔터테인먼트,전체관람가,"오성윤,이춘백",10.0,0.0,최정윤,엄상현,이다은,애니메이션,,3.0,72.0,2023.01,25631538.0,25798480.0,51430018.0,2346.0,2064.0,282.0,47270.0,175.0,111366.0,156248.0,111366.0,1,0.15,
에어,2023-04-05,1063344581,0.0,1063344581,110310,110310,656,16487,미국,미국,,워너브러더스 코리아(주),15세이상관람가,벤 애플렉,910.0,0.0,맷 데이먼,벤 애플렉,제이슨 베이트먼,드라마,,3.51,72.08,2023.04,25617485.0,25790670.0,51408155.0,1869.0,1625.0,244.0,62018.0,444.0,1674051.5,110310.0,110310.0,4,0.08,
가필드 더 무비,2024-05-15,985693556,0.0,985693556,109442,109442,852,3294,미국,미국,,소니픽쳐스엔터테인먼트코리아주식회사극장배급지점,전체관람가,마크 딘달,780.0,1.0,크리스 프랫,사무엘 L. 잭슨,니콜라스 홀트,애니메이션,,2.9,55.5,2024.05,25536793.0,25740554.0,51277347.0,,,,382894.0,351.0,2387905.2,109442.0,109442.0,5,0.1,
블랙폰,2022-09-07,1085449042,0.0,1085449042,107715,107715,495,10809,미국,미국,,유니버설픽쳐스인터내셔널 코리아(유),15세이상관람가,스콧 데릭슨,221.0,1.0,에단 호크,메이슨 테임즈,매들린 맥그로,공포(호러),,3.08,48.73,2022.09,25653998.0,25812660.0,51466658.0,2097.0,1696.0,401.0,56755.0,368.0,107715.0,107715.0,107715.0,9,0.17,
스마일,2022-10-06,1124306658,0.0,1124306658,105651,105651,455,7659,미국,미국,,롯데컬처웍스(주)롯데엔터테인먼트,청소년관람불가,파커 핀,221.0,1.0,소지 베이컨,제시 어셔,카일 갈너,미스터리,공포(호러),3.67,77.27,2022.1,25649509.0,25810117.0,51459626.0,1974.0,1646.0,328.0,425019.0,429.0,105651.0,105651.0,105651.0,10,0.1,0.17
뉴 노멀,2023-11-08,987958873,0.0,987958873,103037,103037,546,10934,한국,한국,언파스튜디오,(주)바이포엠스튜디오,15세이상관람가,정범식,38.0,0.0,최지우,이유미,최민호,스릴러,드라마,3.05,75.5,2023.11,25572695.0,25764381.0,51337076.0,2183.0,1895.0,288.0,116346.0,2075.0,103037.0,103037.0,103037.0,11,0.25,0.12
비키퍼,2024-04-03,962290905,0.0,962290905,102969,102969,713,13022,미국,미국,,(주)바른손이앤에이,청소년관람불가,데이비드 에이어,520.0,1.0,제이슨 스타뎀,조쉬 허처슨,제레미 아이언스,액션,스릴러,2.84,46.9,2024.04,25541855.0,25743298.0,51285153.0,,,,612436.0,85.0,667462.3,407665.0,102969.0,4,0.08,0.08
엘비스,2022-07-13,1098745318,0.0,1098745318,101522,101522,665,10094,미국,미국,,워너브러더스 코리아(주),15세이상관람가,바즈 루어만,1105.0,1.0,오스틴 버틀러,톰 행크스,올리비아 데,드라마,,3.7,87.2,2022.07,25708650.0,25865796.0,51574446.0,1801.0,1504.0,297.0,1582681.0,1573.0,101522.0,101522.0,101522.0,7,0.05,
